{
  "mode": 1,
  "duration": 80,
  "posOld": {
    "x": 360.00549324788284,
    "y": 360.00549324788284
  },
  "posNew": {
    "x": 361.4273899443046,
    "y": 478.22604715037767
  },
  "radOld": 534.6019073777371,
  "radNew": 324.0049439230945
}
{
  "mode": 2,
  "duration": 30,
  "posOld": {
    "x": 360.00549324788284,
    "y": 360.00549324788284
  },
  "posNew": {
    "x": 361.4273899443046,
    "y": 478.22604715037767
  },
  "radOld": 534.6019073777371,
  "radNew": 324.0049439230945
}
{
  "mode": 1,
  "duration": 65,
  "posOld": {
    "x": 361.4273899443046,
    "y": 478.22604715037767
  },
  "posNew": {
    "x": 422.6626993209735,
    "y": 523.3673609521629
  },
  "radOld": 324.0049439230945,
  "radNew": 225.00343327992675
}
{
  "mode": 2,
  "duration": 25,
  "posOld": {
    "x": 361.4273899443046,
    "y": 478.22604715037767
  },
  "posNew": {
    "x": 422.6626993209735,
    "y": 523.3673609521629
  },
  "radOld": 324.0049439230945,
  "radNew": 225.00343327992675
}
{
  "mode": 1,
  "duration": 50,
  "posOld": {
    "x": 422.6626993209735,
    "y": 523.3673609521629
  },
  "posNew": {
    "x": 470.66343175402454,
    "y": 515.6641184100099
  },
  "radOld": 225.00343327992675,
  "radNew": 153.0023346303502
}
{
  "mode": 2,
  "duration": 20,
  "posOld": {
    "x": 422.6626993209735,
    "y": 523.3673609521629
  },
  "posNew": {
    "x": 470.66343175402454,
    "y": 515.6641184100099
  },
  "radOld": 225.00343327992675,
  "radNew": 153.0023346303502
}
{
  "mode": 1,
  "duration": 40,
  "posOld": {
    "x": 470.66343175402454,
    "y": 515.6641184100099
  },
  "posNew": {
    "x": 505.6170901045243,
    "y": 510.1015335317006
  },
  "radOld": 153.0023346303502,
  "radNew": 99.00151064316778
}
{
  "mode": 2,
  "duration": 15,
  "posOld": {
    "x": 470.66343175402454,
    "y": 515.6641184100099
  },
  "posNew": {
    "x": 505.6170901045243,
    "y": 510.1015335317006
  },
  "radOld": 153.0023346303502,
  "radNew": 99.00151064316778
}
{
  "mode": 1,
  "duration": 30,
  "posOld": {
    "x": 505.6170901045243,
    "y": 510.1015335317006
  },
  "posNew": {
    "x": 487.9761959258411,
    "y": 503.7108110170138
  },
  "radOld": 99.00151064316778,
  "radNew": 54.00082398718242
}
{
  "mode": 2,
  "duration": 10,
  "posOld": {
    "x": 505.6170901045243,
    "y": 510.1015335317006
  },
  "posNew": {
    "x": 487.9761959258411,
    "y": 503.7108110170138
  },
  "radOld": 99.00151064316778,
  "radNew": 54.00082398718242
}
{
  "mode": 1,
  "duration": 25,
  "posOld": {
    "x": 487.9761959258411,
    "y": 503.7108110170138
  },
  "posNew": {
    "x": 485.42928206301974,
    "y": 500.8982681010147
  },
  "radOld": 54.00082398718242,
  "radNew": 32.40674448767834
}
{
  "mode": 2,
  "duration": 5,
  "posOld": {
    "x": 487.9761959258411,
    "y": 503.7108110170138
  },
  "posNew": {
    "x": 485.42928206301974,
    "y": 500.8982681010147
  },
  "radOld": 54.00082398718242,
  "radNew": 32.40674448767834
}
{
  "mode": 1,
  "duration": 20,
  "posOld": {
    "x": 485.42928206301974,
    "y": 500.8982681010147
  },
  "posNew": {
    "x": 485.9449149309529,
    "y": 503.9764400701915
  },
  "radOld": 32.40674448767834,
  "radNew": 16.187747005416952
}
{
  "mode": 2,
  "duration": 6,
  "posOld": {
    "x": 485.42928206301974,
    "y": 500.8982681010147
  },
  "posNew": {
    "x": 485.9449149309529,
    "y": 503.9764400701915
  },
  "radOld": 32.40674448767834,
  "radNew": 16.187747005416952
}
{
  "mode": 1,
  "duration": 15,
  "posOld": {
    "x": 485.9449149309529,
    "y": 503.9764400701915
  },
  "posNew": {
    "x": 485.9449149309529,
    "y": 503.9764400701915
  },
  "radOld": 16.187747005416952,
  "radNew": 0
}
{
  "mode": 2,
  "duration": 15,
  "posOld": {
    "x": 485.9449149309529,
    "y": 503.9764400701915
  },
  "posNew": {
    "x": 485.9449149309529,
    "y": 503.9764400701915
  },
  "radOld": 16.187747005416952,
  "radNew": 0
}


